flagCode,country,ForestAreaByCountry_2020,ForestAreaByCountry_1990,Forest Area Absolute Change 1990-2020,Longitude,Latitude
RU,Russia,815312,808950,6362,105.318756,61.52401
BR,Brazil,496620,588898,-92278,-51.92528,-14.235004
CA,Canada,346928,348273,-1345,-106.346771,56.130366
US,United States,309795,302450,7345,-95.712891,37.09024
CN,China,219978,157141,62837,104.195397,35.86166
AU,Australia,134005,133882,123,133.775136,-25.274398
CD,DR Congo,126155,150629,-24474,21.758664,-4.038333
ID,Indonesia,92133,118545,-26412,113.921327,-0.789275
PE,Peru,72330,76449,-4119,-75.015152,-9.189967
IN,India,72160,63938,8222,78.96288,20.593684
AO,Angola,66607,79263,-12656,17.873887,-11.202692
MX,Mexico,65692,70592,-4900,-102.552784,23.634501
CO,Colombia,59142,64958,-5816,-74.297333,4.570868
BO,Bolivia,50834,57805,-6971,-63.588653,-16.290154
VE,Venezuela,46231,52026,-5795,-66.58973,6.42375
TZ,Tanzania,45745,57390,-11645,34.888822,-6.369028
ZM,Zambia,44814,47412,-2598,27.849332,-19.015438
MZ,Mozambique,36744,43378,-6634,35.529562,-18.665695
PG,Papua New Guinea,35856,36400,-544,143.95555,-6.314993
AR,Argentina,28573,35204,-6631,-58.443832,-23.442503
MM,Myanmar,28544,39218,-10674,95.956223,21.913965
SE,Sweden,27980,28063,-83,18.643501,60.128161
JP,Japan,24935,24950,-15,138.252924,36.204824
GA,Gabon,23531,23762,-231,11.609444,-0.803689
FI,Finland,22409,21875,534,25.748151,9.145
CF,Central African Republic,22303,23203,-900,15.827659,-0.228021
TR,Turkey,22220,19783,2437,35.243322,38.963745
NG,Nigeria,21627,26526,-4899,8.675277,9.081999
CM,Cameroon,20340,22500,-2160,12.354722,7.369722
TH,Thailand,19873,19361,512,100.992541,15.870032
MY,Malaysia,19114,20619,-1505,101.975766,4.210484
ES,Spain,18572,13905,4667,-3.74922,40.463667
GY,Guyana,18415,18602,-187,-58.93018,4.860416
SD,Sudan,18360,23570,-5210,30.217636,12.862807
CL,Chile,18211,15246,2965,-71.542969,-35.675147
ZW,Zimbabwe,17445,18827,-1382,29.154857,-19.015438
FR,France,17253,14436,2817,2.213749,46.227638
ET,Ethiopia,17069,19259,-2190,40.489673,9.145
ZA,South Africa,17050,18142,-1092,22.937506,-30.559482
LA,Laos,16596,17843,-1247,102.495496,19.85627
PY,Paraguay,16102,25546,-9444,-58.443832,-23.442503
BW,Botswana,15255,18804,-3549,24.684866,-22.328474
SR,Suriname,15196,15378,-182,6.613081,0.18636
VN,Vietnam,14643,9376,5267,108.277199,14.058324
MN,Mongolia,14173,14352,-179,113.543873,22.198745
ML,Mali,13296,13296,0,-3.996166,17.570692
EC,Ecuador,12498,14632,-2134,-78.183406,-1.831239
MG,Madagascar,12430,13693,-1263,46.869107,-18.766947
NO,Norway,12180,12132,48,8.468946,60.472024
DE,Germany,11419,11300,119,10.451526,51.165691
IR,Iran,10752,9076,1676,53.688046,32.427908
NZ,New Zealand,9893,9372,521,174.885971,-40.900557
UA,Ukraine,9690,9274,416,31.16558,48.379433
IT,Italy,9566,7590,1976,12.56738,41.87194
PL,Poland,9483,8882,601,19.145136,51.919438
BY,Belarus,8768,7780,988,27.953389,53.709807
SN,Senegal,8068,9303,-1235,-14.452362,14.497401
KH,Cambodia,8068,11005,-2937,104.990963,12.565679
GF,French Guiana,8003,8125,-122,-53.125782,3.933889
GH,Ghana,7986,9924,-1938,-1.023194,7.946527
LR,Liberia,7617,8525,-908,-9.429499,6.428055
PH,Philippines,7189,7779,-590,121.774017,12.879721
SS,South Sudan,7157,7157,0,32.290275,1.373333
RO,Romania,6929,6371,558,24.96676,45.943161
NA,Namibia,6639,8769,-2130,18.49041,-22.95764
HN,Honduras,6359,6988,-629,-86.241905,15.199999
KR,South Korea,6287,6551,-264,127.766922,35.907757
BF,Burkina Faso,6216,7717,-1501,-1.561593,12.238333
GN,Guinea,6189,7276,-1087,-9.696645,9.945587
KP,North Korea,6030,6912,-882,127.766922,35.907757
SO,Somalia,5980,8283,-2303,46.199616,5.152149
NP,Nepal,5962,5672,290,84.124008,28.394857
MA,Morocco,5742,5485,257,-8.224454,39.399872
TD,Chad,4313,6730,-2417,19,15
PA,Panama,4214,4607,-393,-80.782127,8.537981
TM,Turkmenistan,4127,4127,0,59.556278,38.969719
GR,Greece,3902,3299,603,21.824312,39.074208
AT,Austria,3899,3776,123,14.55,47.52
BG,Bulgaria,3893,3327,566,25,43
PK,Pakistan,3726,4987,-1261,69.345116,30.375321
UZ,Uzbekistan,3690,2549,1141,64.585262,41.377491
KE,Kenya,3611,3859,-248,37.906193,-0.023559
GT,Guatemala,3528,4781,-1253,-90.230759,15.783471
KZ,Kazakhstan,3455,3162,293,66.923684,48.019573
LV,Latvia,3411,3173,238,24.603189,56.879635
NI,Nicaragua,3408,6399,-2991,-85.207229,12.865416
PT,Portugal,3312,3399,-87,-8.224454,39.399872
CU,Cuba,3242,2058,1184,-77.781167,21.521757
GB,United Kingdom,3190,2778,412,-3.435973,55.378051
BJ,Benin,3135,4835,-1700,2.315834,9.30769
CR,Costa Rica,3035,2907,128,-83.753428,9.748917
CI,Ivory Coast,2837,7851,-5014,-5.54708,7.539989
GE,Georgia,2822,2752,70,43.356892,42.315407
BT,Bhutan,2725,2507,218,90.356331,23.684994
RS,Serbia,2723,2313,410,21.005859,44.016521
CZ,Czech Republic,2677,2629,48,15.3,49.75
SL,Sierra Leone,2535,3127,-592,-11.779889,8.460555
SB,Solomon Islands,2523,2545,-22,55.491977,-4.679574
GQ,Equatorial Guinea,2448,2699,-251,10,2
EE,Estonia,2438,2206,232,26,59
UG,Uganda,2338,3575,-1237,32.290275,1.373333
MW,Malawi,2242,3502,-1260,34.301525,-13.254308
LT,Lithuania,2201,1945,256,23.881275,55.169438
BA,Bosnia and Herzegovina,2188,2210,-22,17.16,47.52
DO,Dominican Republic,2144,1595,549,-70.4,19
LK,Sri Lanka,2113,2350,-237,80.771797,7.873054
HU,Hungary,2053,1814,239,19.503304,47.162494
UY,Uruguay,2031,798,1233,-55.765835,-32.522779
GW,Guinea-Bissau,1980,2233,-253,-15,12
DZ,Algeria,1949,1667,282,3,28
HR,Croatia,1939,1850,89,15.5,45.17
SK,Slovakia,1926,1902,24,19.7,48.67
BD,Bangladesh,1883,1920,-37,90,24
KG,Kyrgyzstan,1315,1136,179,74.766098,41.20438
BZ,Belize,1277,1600,-323,-88.45,17.15
CH,Switzerland,1269,1154,115,8.227512,46.818188
SI,Slovenia,1238,1188,50,14.995463,46.151241
TG,Togo,1209,1362,-153,0.824782,8.619543
AF,Afghanistan,1208,1208,0,67.709953,33.93911
FJ,Fiji,1140,940,200,179.414413,-16.578193
AZ,Azerbaijan,1132,945,187,47.576927,40.143105
NE,Niger,1080,1945,-865,8.081666,17.607789
ER,Eritrea,1055,1150,-95,39.782334,24.215527
MK,North Macedonia,1001,912,89,21.745275,41.608635
SA,Saudi Arabia,977,977,0,45.079162,23.885942
TL,Timor-Leste,921,963,-42,125.727539,-8.874217
NC,New Caledonia,838,831,7,165.618042,-20.904305
ME,Montenegro,827,626,201,19.37439,42.708678
IQ,Iraq,825,804,21,43.679291,33.223191
AL,Albania,789,789,0,20.168331,41.153332
IE,Ireland,782,462,320,-5.345374,36.137741
TN,Tunisia,703,644,59,9.537499,33.886917
BE,Belgium,689,677,12,4.469936,50.503887
EH,Western Sahara,665,665,0,-12.885834,24.215527
DK,Denmark,628,531,97,10,56
JM,Jamaica,597,521,76,-77,18.28
SV,El Salvador,584,719,-135,-88.9,13.76
YE,Yemen,549,549,0,48.52,15.55
SY,Syria,522,372,150,38.996815,34.802075
BS,Bahamas,510,510,0,-77.39628,25.03428
SZ,Eswatini,498,461,37,31.3,-26.5
PR,Puerto Rico,496,320,176,-66.590149,18.220833
VU,Vanuatu,442,442,0,166.959158,-15.376706
TJ,Tajikistan,424,408,16,71.276093,38.861034
MD,Moldova,387,325,62,28.369885,47.411631
BN,Brunei,380,413,-33,114.727669,4.535277
NL,Netherlands,370,345,25,5.291266,52.132633
HT,Haiti,347,383,-36,-72.285215,18.971187
AM,Armenia,328,335,-7,45.038189,40.069099
AE,United Arab Emirates,317,245,72,53.847818,23.424076
MR,Mauritania,313,476,-163,-10.940835,21.00789
BI,Burundi,280,276,4,29.918886,-3.373056
RW,Rwanda,276,317,-41,29.873888,-1.940278
GM,Gambia,243,415,-172,-15.310139,13.443182
TT,Trinidad and Tobago,228,242,-14,-61.222503,10.691803
LY,Libya,217,217,0,17.228331,26.3351
CY,Cyprus,173,161,12,33.429859,35.126413
WS,Samoa,162,176,-14,-172.104629,-13.759029
PF,French Polynesia,149,144,5,-140,-15
LB,Lebanon,143,140,3,35.862285,33.854721
IL,Israel,140,132,8,34.851612,31.046051
JO,Jordan,98,98,0,36.238414,30.585164
RE,Reunion,98,88,10,55.536384,-21.115141
LU,Luxembourg,89,86,3,6.129583,49.815273
GP,Guadeloupe,72,73,-1,-61.35,16.25
FM,Micronesia,64,64,0,-168.734039,-3.370417
MQ,Martinique,52,48,4,-60.94,14.66
ST,Sao Tome and Principe,52,59,-7,6.613081,0.18636
IS,Iceland,51,17,34,-19.020835,64.963051
DM,Dominica,48,50,-2,-61.2,15.42
CV,Cape Verde,46,15,31,-24,16
EG,Egypt,45,44,1,30,27
PW,Palau,41,38,3,134.58252,7.51498
MU,Mauritius,39,41,-2,57.552156,-20.348404
LS,Lesotho,35,35,0,28.233608,-29.609988
SC,Seychelles,34,34,0,55.491977,-4.679574
KM,Comoros,33,46,-13,43.872219,-11.875001
VC,Saint Vincent and the Grenadines,29,28,1,-61.287228,12.984305
GU,Guam,28,24,4,144.793731,13.444304
MP,Northern Mariana Islands,24,34,-10,145.38469,17.33083
LC,Saint Lucia,21,21,0,-60.978893,13.909444
VI,United States Virgin Islands,20,25,-5,-64.896335,18.335765
NU,Niue,19,19,0,-169.867233,-19.054445
GD,Grenada,18,18,0,-61.604171,12.262776
AS,American Samoa,17,18,-1,-170.132217,-14.270972
SG,Singapore,16,15,1,103.819836,1.352083
AD,Andorra,16,16,0,1.601554,42.546245
CK,Cook Islands,16,15,1,-159.777671,-21.236736
YT,Mayotte,14,19,-5,45.166244,-12.8275
KY,Cayman Islands,13,13,0,-80.566956,19.513469
KN,Saint Kitts and Nevis,11,11,0,-62.782998,17.357822
TC,Turks and Caicos Islands,11,11,0,-71.797928,21.694025
PS,Palestine,10,9,1,35.233154,31.952162
TO,Tonga,9,9,0,-175.198242,-21.178986
MH,Marshall Islands,9,9,0,171.184478,7.131474
AG,Antigua and Barbuda,8,10,-2,-61.796428,17.060816
LI,Liechtenstein,7,7,0,9.555373,47.166
KW,Kuwait,6,3,3,47.481766,29.31166
DJ,Djibouti,6,6,0,42.590275,11.825138
BB,Barbados,6,6,0,-59.543198,13.193887
AI,Anguilla,6,6,0,-63.06082,18.2256
VG,British Virgin Islands,4,4,0,-64.639968,18.420695
OM,Oman,3,3,0,55.923255,21.512583
IM,Isle of Man,3,3,0,-4.548056,54.236107
MS,Montserrat,3,4,-1,-62.067641,16.995971
BH,Bahrain,1,,1,50.637772,25.930414
MV,Maldives,1,1,0,73.22068,3.202778
KI,Kiribati,1,1,0,-168.734039,-3.370417
JE,Jersey,1,1,0,-2.13125,49.214439
BM,Bermuda,1,1,0,-64.75737,32.321384
SM,San Marino,1,1,0,12.453389,41.902916
MF,Saint Martin,1,1,0,-62.067641,4.860416
TV,Tuvalu,1,1,0,120.960515,23.69781
PM,Saint Pierre and Miquelon,1,2,-1,-56.27111,46.941936
